climate_model,beta_delta_temp,co2_base,co2_disaster,delta_temp_disaster,region,qsi,delta_s,s_0,Yre_N_0,Yce_N_0,Yre_S_0,Yce_S_0
CESM2-WACCM,5.238090792566205,380.0656739299596,1750.4323392001681,8,america,0.03283822564851918,0.001236650160936777,1357.6215072101104,8.823509999999999,68.43374,7.798990000000001,26.59169
CESM2-WACCM,5.2995407563394075,380.0521806781624,1719.645298153347,8,eurafrica,0.0303418344260333,0.0012449079258612238,1327.309064516354,8.46526,61.65342,3.716440000000001,23.224700000000006
CESM2-WACCM,5.391266122361606,380.045393585297,1676.011581395193,8,asia,0.025260423094237056,0.0013605866198733688,1281.3204093819343,10.7139,39.9564,5.541370000000001,83.70292999999998
GFDL-ESM4,3.389631105911461,375.9917382950945,3982.663130427625,8,america,0.032223577027815864,0.0004643179842093229,3595.476205384749,8.823509999999999,68.43374,7.798990000000001,26.59169
GFDL-ESM4,3.6437589199013756,375.98511713039693,3378.153355277443,8,eurafrica,0.029823076313690692,0.0005499919465201871,2991.4175014616326,8.46526,61.65342,3.716440000000001,23.224700000000006
GFDL-ESM4,3.504844593336377,376.00953985271894,3685.5290317184676,8,asia,0.024713312072604725,0.0005237898164330039,3296.4378249317224,10.7139,39.9564,5.541370000000001,83.70292999999998
